Workbook

Sheet Painel Fatto Per Te
A1: FATTO PER TE — PAINEL FINANCEIRO & FECHAMENTO DE PANIFICADORAS
A2: Controle automático de Toppers, Cestas e Acertos de Panificadoras Parceiras (@fattoperte.feitopravc)
A4: TOTAL DE PEDIDOS | C4: FATURAMENTO TOTAL (R$) | E4: TOTAL JÁ RECEBIDO (PAGO) | G4: PENDENTE A RECEBER (ABERTO)
A5: =COUNTA(Pedidos!A5:A500) | C5: =SUM(Pedidos!L5:L500) | E5: =SUMIF(Pedidos!N5:N500, "Pago", Pedidos!L5:L500) | G5: =SUMIF(Pedidos!N5:N500, "Pendente", Pedidos!L5:L500)
A7: 1. CONTROLE DE ACERTO POR PANIFICADORA PARCEIRA (B2B) | G7: 2. FILA DE PRODUÇÃO ATUAL
A8: Panificadora Parceira (Edite os nomes abaixo) | B8: Qtd. Pedidos | C8: Já Pago (R$) | D8: A Receber / Em Aberto (R$) | E8: Total Movimentado (R$) | G8: Status da Produção | H8: Qtd. Pedidos
A9: Panificadora Pão Quente | B9: =COUNTIF(Pedidos!$D$5:$D$500, A9) | C9: =SUMIFS(Pedidos!$L$5:$L$500, Pedidos!$D$5:$D$500, A9, Pedidos!$N$5:$N$500, "Pago") | D9: =SUMIFS(Pedidos!$L$5:$L$500, Pedidos!$D$5:$D$500, A9, Pedidos!$N$5:$N$500, "Pendente") | E9: =C9+D9 | G9: Na Fila | H9: =COUNTIF(Pedidos!$M$5:$M$500, G9)
A10: Confeitaria Doce Arte | B10: =COUNTIF(Pedidos!$D$5:$D$500, A10) | C10: =SUMIFS(Pedidos!$L$5:$L$500, Pedidos!$D$5:$D$500, A10, Pedidos!$N$5:$N$500, "Pago") | D10: =SUMIFS(Pedidos!$L$5:$L$500, Pedidos!$D$5:$D$500, A10, Pedidos!$N$5:$N$500, "Pendente") | E10: =C10+D10 | G10: Fazendo Arte | H10: =COUNTIF(Pedidos!$M$5:$M$500, G10)
A11: Padaria Central | B11: =COUNTIF(Pedidos!$D$5:$D$500, A11) | C11: =SUMIFS(Pedidos!$L$5:$L$500, Pedidos!$D$5:$D$500, A11, Pedidos!$N$5:$N$500, "Pago") | D11: =SUMIFS(Pedidos!$L$5:$L$500, Pedidos!$D$5:$D$500, A11, Pedidos!$N$5:$N$500, "Pendente") | E11: =C11+D11 | G11: Imprimindo/Cortando | H11: =COUNTIF(Pedidos!$M$5:$M$500, G11)
A12: Total Panificadoras Parceiras | B12: =SUM(B9:B11) | C12: =SUM(C9:C11) | D12: =SUM(D9:D11) | E12: =SUM(E9:E11) | G12: Pronto/Entregue | H12: =COUNTIF(Pedidos!$M$5:$M$500, G12)
A13: Clientes Avulsos & Empresas (Cestas / Toppers) | B13: =COUNTIF(Pedidos!$C$5:$C$500, "Cliente Avulso") | C13: =SUMIFS(Pedidos!$L$5:$L$500, Pedidos!$C$5:$C$500, "Cliente Avulso", Pedidos!$N$5:$N$500, "Pago") | D13: =SUMIFS(Pedidos!$L$5:$L$500, Pedidos!$C$5:$C$500, "Cliente Avulso", Pedidos!$N$5:$N$500, "Pendente") | E13: =C13+D13 | G13: Total na Produção | H13: =SUM(H9:H12)

Sheet Pedidos
A1: FATTO PER TE — CONTROLE DE PEDIDOS, TOPPERS E CESTAS PERSONALIZADAS
A2: Os pedidos enviados pelo site caem aqui sozinhos. Atualize apenas o Valor final se houver adicional (L), Status Produção (M) e Pagamento (N).
A4: ID Pedido | B4: Data Pedido | C4: Modalidade | D4: Cliente / Panificadora | E4: WhatsApp | F4: Produto Escolhido | G4: Tema / Ocasião | H4: Nome e Idade (Arte) | I4: Tamanho Bolo / Box | J4: Data Entrega | K4: Observações da Arte | L4: Valor (R$) | M4: Status da Produção | N4: Status Pagamento
A5: PED-001 | B5: 46300 | C5: Panificadora Parceira | D5: Panificadora Pão Quente | E5: (41) 99811-2233 | F5: Topo Especial 3D em Camadas / Com Foto | G5: Fazendinha | H5: Heitor - 2 anos | I5: 2.5 kg (Aro 22) | J5: 46302 | K5: Celeiro 3D, solzinho e cercadinho | L5: 24 | M5: Pronto/Entregue | N5: Pago
A6: PED-002 | B6: 46301 | C6: Cliente Avulso | D6: Edilice Martins | E6: (41) 99722-3344 | F6: Balloon Cake Topper & Flores 3D | G6: Floral Rose e Dourado | H6: Parabéns Edilice | I6: 2 kg (Aro 20) | J6: 46304 | K6: Letras efeito balão metalizado + 4 rosas | L6: 38 | M6: Pronto/Entregue | N6: Pago
A7: PED-003 | B7: 46303 | C7: Panificadora Parceira | D7: Confeitaria Doce Arte | E7: (41) 99633-4455 | F7: Topper de Bolo Temático Personalizado | G7: Coraline | H7: Maria Heloyze - 14 anos | I7: 2 kg (Aro 20) | J7: 46305 | K7: Botões roxos e pretos + lua no topo | L7: 16 | M7: Pronto/Entregue | N7: Pendente
A8: PED-004 | B8: 46305 | C8: Panificadora Parceira | D8: Panificadora Pão Quente | E8: (41) 99811-2233 | F8: Topper de Bolo Temático Personalizado | G8: One Piece / Luffy | H8: Brayan - 17 anos | I8: 2 kg (Aro 20) | J8: 46307 | K8: Cartazes Wanted nas laterais | L8: 16 | M8: Pronto/Entregue | N8: Pendente
A9: PED-005 | B9: 46306 | C9: Cliente Avulso | D9: Cymco Alimentos | E9: (41) 99544-5566 | F9: Topper Corporativo / Empresarial | G9: Aniversário Empresa | H9: Cymco - 5 anos | I9: 3 kg (Retangular) | J9: 46308 | K9: Logo oficial da empresa em destaque | L9: 32 | M9: Pronto/Entregue | N9: Pago
A10: PED-006 | B10: 46307 | C10: Panificadora Parceira | D10: Padaria Central | E10: (41) 99455-6677 | F10: Topper de Bolo Temático Personalizado | G10: Tartarugas Ninja | H10: Manasses - 6 anos | I10: 1.5 kg (Aro 17) | J10: 46309 | K10: Personagens no topo e fatias de pizza | L10: 16 | M10: Pronto/Entregue | N10: Pago
A11: PED-007 | B11: 46308 | C11: Cliente Avulso | D11: TranspoTech Logística | E11: (41) 99123-4567 | F11: Topper Corporativo / Empresarial | G11: 25 Anos TranspoTech | H11: 25 Anos | I11: 3 kg (Aro 25) | J11: 46311 | K11: Número 25 dourado lamicote + empilhadeira | L11: 32 | M11: Pronto/Entregue | N11: Pago
A12: PED-008 | B12: 46309 | C12: Panificadora Parceira | D12: Confeitaria Doce Arte | E12: (41) 99633-4455 | F12: Topper de Bolo Temático Personalizado | G12: Roblox | H12: José Jhonatan - 7 anos | I12: 2 kg (Aro 20) | J12: 46312 | K12: Bonecos do Roblox no topo | L12: 16 | M12: Imprimindo/Cortando | N12: Pendente
A13: PED-009 | B13: 46310 | C13: Panificadora Parceira | D13: Panificadora Pão Quente | E13: (41) 99811-2233 | F13: Balloon Cake Topper & Flores 3D | G13: Stitch com Flores | H13: Aranza - 3 anos | I13: 2 kg (Aro 20) | J13: 46312 | K13: Stitch 3D + flores em camadas | L13: 26 | M13: Imprimindo/Cortando | N13: Pendente
A14: PED-010 | B14: 46310 | C14: Cliente Avulso | D14: Patricia Oliveira | E14: (41) 99366-7788 | F14: Cestas que Emocionam (Box + Balão) | G14: Cesta Aniversário Urso | H14: Feliz Aniversário | I14: Box Média c/ Balão | J14: 46313 | K14: Laço azul marinho e balão bubble | L14: 110 | M14: Fazendo Arte | N14: Pago
A15: PED-011 | B15: 46311 | C15: Panificadora Parceira | D15: Padaria Central | E15: (41) 99455-6677 | F15: Topper de Bolo Temático Personalizado | G15: Miraculous Cat Noir | H15: Henry - 6 anos | I15: 1.5 kg (Aro 17) | J15: 46314 | K15: Detalhes verde neon e patinhas | L15: 16 | M15: Na Fila | N15: Pendente
A16: PED-012 | B16: 46311 | C16: Panificadora Parceira | D16: Confeitaria Doce Arte | E16: (41) 99633-4455 | F16: Topo Especial 3D em Camadas / Com Foto | G16: Barbearia / Foto | H16: Guilherme - 17 anos | I16: 2 kg (Aro 20) | J16: 46315 | K16: Foto recortada + tesoura, pente e máquina | L16: 24 | M16: Na Fila | N16: Pendente

Sheet Catalogo e Precos
A1: FATTO PER TE — CATÁLOGO E PREÇOS (CONECTADO AUTOMATICAMENTE AO SITE)
A2: Qualquer alteração de Nome, Descrição, Preço ou Senha feita nesta aba atualiza o site automaticamente ao recarregar a página!
A4: Código | B4: Nome do Produto (Aparece no Site) | C4: Descrição Curta (Aparece no Site) | D4: Preço Cliente Final (R$) | E4: Preço Panificadora (R$) | F4: Custo Material (R$) | G4: Mostrar no Site? | I4: SENHA DAS PADARIAS (SITE)
A5: TOP-01 | B5: Topper de Bolo Temático Personalizado | C5: Personagens, Infantil, Futebol, Séries (Ex: One Piece, Roblox, Miraculous) | D5: 25 | E5: 16 | F5: 4 | G5: Sim | I5: FATTO
A6: TOP-02 | B6: Balloon Cake Topper & Flores 3D | C6: Letras com efeito balão metalizado + flores em camadas e folhagem dourada | D6: 38 | E6: 26 | F6: 8 | G6: Sim | I6: 👆 Se quiser mudar a senha que libera os preços de Panificadora no site, basta trocar a palavra acima!
A7: TOP-03 | B7: Topo Especial 3D em Camadas / Com Foto | C7: Cenários ricos em camadas ou foto personalizada (Ex: Fazendinha, Barbearia) | D7: 35 | E7: 24 | F7: 7 | G7: Sim
A8: TOP-04 | B8: Topper Corporativo / Empresarial | C8: Personalizado com a marca da empresa para comemorações (Ex: Cymco, TranspoTech) | D8: 32 | E8: 22 | F8: 6 | G8: Sim
A9: CES-01 | B9: Cestas que Emocionam (Box + Balão) | C9: Café da Manhã, Aniversário, Infantil, Maternidade, Namorados ou Corporativo | D9: 110 | E9: 88 | F9: 42 | G9: Sim
A10: MIM-01 | B10: Cone Floral / Mimos & Papelaria Criativa | C10: Cones florais personalizados, lembrancinhas e artigos para festas | D10: 45 | E10: 34 | F10: 12 | G10: Sim
